City_ID,City,Cloudiness,Country,Date,Humidity,Lat,Lng,Max Temp,Wind Speed
0,khani,0,GE,1538969400,45,41.96,42.96,66.2,31.09
1,busselton,92,AU,1538971029,100,-33.64,115.35,61.18,8.61
2,chokurdakh,64,RU,1538971060,96,70.62,147.9,26.98,8.84
3,punta arenas,75,CL,1538967600,69,-53.16,-70.91,39.2,11.41
4,nikolskoye,0,RU,1538967600,92,59.7,30.79,30.2,4.47
5,ushuaia,0,AR,1538967600,80,-54.81,-68.31,35.6,9.73
6,jamestown,92,AU,1538971031,70,-33.21,138.6,60.46,7.72
7,ilulissat,8,GL,1538967000,63,69.22,-51.1,28.4,17.22
8,mount isa,0,AU,1538969400,10,-20.73,139.49,98.6,8.05
9,vaini,0,IN,1538971033,66,15.34,74.49,79.36,3.47
10,college,20,US,1538967480,20,64.86,-147.8,37.76,6.93
11,hardenberg,12,NL,1538969100,93,52.58,6.62,42.8,6.49
12,kavaratti,92,IN,1538971328,100,10.57,72.64,76.66,0.78
13,tuktoyaktuk,5,CA,1538967600,79,69.44,-133.03,24.8,13.87
14,albany,90,US,1538969220,96,42.65,-73.75,60.08,3.36
15,chadiza,0,ZM,1538971328,75,-14.06,32.43,59.47,12.41
16,lumeje,8,AO,1538971329,57,-11.56,20.78,66.13,2.68
17,dakar,0,SN,1538967600,94,14.69,-17.45,77.0,6.93
18,provideniya,90,RU,1538967600,87,64.42,-173.23,46.4,2.24
19,port alfred,8,ZA,1538971042,91,-33.59,26.89,68.02,16.78
20,basco,90,US,1538970060,100,40.33,-91.2,68.0,10.18
21,tripoli,20,GR,1538968800,93,37.51,22.37,60.8,4.7
22,aqtobe,0,KZ,1538967600,86,50.28,57.21,41.0,6.71
23,balagansk,0,RU,1538971330,76,54.01,103.05,38.86,3.58
24,dikson,88,RU,1538971058,97,73.51,80.55,38.95,36.57
25,puerto leguizamo,12,CO,1538971330,91,-0.19,-74.78,77.2,2.13
26,kisangani,8,CD,1538971330,100,0.52,25.21,69.82,2.35
27,clyde river,90,CA,1538970240,100,70.47,-68.59,23.0,4.7
28,castro,92,CL,1538971028,99,-42.48,-73.76,48.94,8.39
29,new norfolk,40,AU,1538969400,59,-42.78,147.06,60.8,11.41
30,yellowknife,5,CA,1538967600,79,62.45,-114.38,23.0,5.82
31,toba,20,JP,1538967600,60,34.47,136.83,75.2,3.36
32,rikitea,92,PF,1538971039,100,-23.12,-134.97,69.37,3.69
33,okhotsk,8,RU,1538971043,90,59.36,143.24,41.47,3.91
34,chapais,90,CA,1538967600,69,49.78,-74.86,33.8,3.36
35,lincoln,36,GB,1538968800,87,53.23,-0.54,50.0,17.22
36,hasaki,75,JP,1538967600,64,35.73,140.83,73.4,12.75
37,saint anthony,1,US,1538967360,10,43.97,-111.68,44.96,9.17
38,codrington,56,AU,1538971066,87,-28.95,153.24,69.01,2.8
39,hungund,0,IN,1538971332,59,16.07,76.05,80.62,5.14
40,faanui,100,PF,1538971120,100,-16.48,-151.75,77.02,10.74
41,pingliang,76,CN,1538971332,78,35.54,106.68,54.07,3.91
42,puerto ayora,0,EC,1538971031,100,-0.74,-90.35,70.18,9.4
43,east london,0,ZA,1538967600,88,-33.02,27.91,62.6,10.29
44,upernavik,88,GL,1538971064,100,72.79,-56.15,33.46,15.21
45,levelland,75,US,1538968200,90,33.59,-102.38,66.92,16.11
46,mataura,48,NZ,1538971028,65,-46.19,168.86,52.45,19.8
47,tuatapere,32,NZ,1538971058,94,-46.13,167.69,49.57,16.78
48,hambantota,80,LK,1538971333,100,6.12,81.12,79.63,9.28
49,airai,0,TL,1538971035,33,-8.93,125.41,86.56,2.91
50,iqaluit,90,CA,1538967600,79,63.75,-68.52,28.4,2.24
51,constitucion,90,MX,1538967000,67,23.99,-104.67,62.6,8.05
52,lebu,8,ET,1538971035,76,8.96,38.73,41.2,2.57
53,lengshuitan,20,CN,1538971333,62,26.41,111.6,77.29,3.69
54,dong hoi,80,VN,1538971334,99,17.48,106.6,81.34,6.26
55,hilo,75,US,1538969460,97,19.71,-155.08,73.94,6.93
56,forestville,20,CA,1538967600,86,48.74,-69.09,33.8,4.7
57,verona,20,IT,1538968800,100,45.44,10.99,59.0,3.36
58,narsaq,0,GL,1538967000,53,60.91,-46.05,26.6,10.29
59,lagoa,0,PT,1538969400,36,37.14,-8.45,60.8,2.24
60,bredasdorp,64,ZA,1538967600,88,-34.53,20.04,66.2,9.17
61,arraial do cabo,92,BR,1538971057,100,-22.97,-42.02,70.54,20.69
62,roding,90,DE,1538967360,98,49.19,12.52,48.38,4.25
63,sayyan,0,YE,1538971072,51,15.17,44.32,42.01,3.91
64,nova londrina,20,BR,1538971335,92,-22.76,-52.99,72.07,10.96
65,aksu,40,KZ,1538967600,75,52.04,76.93,41.0,13.42
66,grenfell,0,AU,1538971228,80,-33.9,148.16,67.66,6.82
67,fort nelson,90,CA,1538967600,79,58.81,-122.69,28.4,4.7
68,cape town,0,ZA,1538967600,87,-33.93,18.42,57.2,6.93
69,hobart,40,AU,1538969400,59,-42.88,147.33,60.8,11.41
70,limoeiro do ajuru,44,BR,1538971336,97,-1.9,-49.38,79.72,8.39
71,longyearbyen,75,NO,1538967000,85,78.22,15.63,19.4,6.93
72,vero beach,1,US,1538969700,69,27.64,-80.4,82.94,14.99
73,saint-louis,75,CH,1538969760,87,47.59,7.56,51.8,6.93
74,mar del plata,48,AR,1538971057,76,-46.43,-67.52,42.28,2.8
75,sao filipe,8,CV,1538971084,98,14.9,-24.5,79.18,14.2
76,sambava,80,MG,1538971337,100,-14.27,50.17,73.78,8.39
77,butaritari,56,KI,1538971044,100,3.07,172.79,84.22,7.27
78,severo-kurilsk,12,RU,1538971078,84,50.68,156.12,49.66,8.72
79,mbandaka,36,CD,1538971337,96,0.05,18.26,73.87,3.24
80,flinders,75,AU,1538967600,72,-34.58,150.85,66.2,13.87
81,evensk,12,RU,1538971337,100,61.92,159.24,42.28,8.95
82,hermanus,0,ZA,1538971033,95,-34.42,19.24,52.72,3.69
83,carnarvon,0,ZA,1538971061,28,-30.97,22.13,53.26,4.81
84,mahebourg,40,MU,1538967600,83,-20.41,57.7,71.6,4.7
85,georgetown,0,GY,1538967600,100,6.8,-58.16,77.0,4.7
86,mehamn,90,NO,1538967000,86,71.03,27.85,37.4,14.99
87,bethel,90,US,1538967180,89,60.79,-161.76,51.08,5.82
88,lata,0,IN,1538971088,79,30.78,78.62,52.27,1.57
89,portland,90,US,1538968560,86,45.52,-122.67,55.04,3.36
90,vuktyl,88,RU,1538971338,97,63.86,57.31,37.15,3.47
91,batangafo,0,CF,1538971338,91,7.3,18.29,70.18,2.8
92,zlitan,36,LY,1538971338,100,32.47,14.57,61.18,1.9
93,coihaique,0,CL,1538967600,80,-45.58,-72.07,39.2,3.36
94,togur,92,RU,1538971201,97,58.36,82.83,44.98,13.2
95,padang,48,ID,1538971098,100,-0.92,100.36,80.35,5.37
96,nuevo progreso,1,US,1538968500,77,26.05,-97.95,82.94,5.82
97,kodiak,90,US,1538970780,100,39.95,-94.76,62.06,4.7
98,geaca,0,RO,1538969400,93,46.85,24.09,41.0,3.36
99,iracoubo,0,GF,1538971339,82,5.48,-53.21,78.37,5.37
100,alofi,36,NU,1538967600,74,-19.06,-169.92,80.6,6.93
101,nome,1,US,1538968500,83,30.04,-94.42,80.06,4.7
102,ketchikan,90,US,1538967360,89,55.34,-131.65,53.06,11.41
103,pochutla,90,MX,1538966700,88,15.74,-96.47,77.0,6.38
104,fukue,20,JP,1538967600,60,35.03,136.69,75.2,3.36
105,bulgan,0,MN,1538971340,50,48.81,103.53,36.97,3.91
106,preobrazheniye,0,RU,1538971078,44,42.9,133.91,56.05,3.13
107,zaraza,12,VE,1538971341,92,9.35,-65.33,77.29,7.94
108,tura,0,IN,1538971032,86,25.52,90.21,78.55,3.58
109,esperance,20,TT,1538967600,100,10.24,-61.45,77.0,5.7
110,koran,75,BA,1538969400,100,43.81,18.57,55.4,2.24
111,vila velha,40,BR,1538967600,83,-3.71,-38.6,78.8,14.99
112,souillac,90,FR,1538969400,93,45.6,-0.6,55.4,10.29
113,vanimo,48,PG,1538971094,100,-2.67,141.3,84.13,12.86
114,arinos,12,BR,1538971341,25,-15.92,-46.11,78.37,11.41
115,kapaa,75,US,1538967360,79,22.08,-159.32,80.06,11.41
116,visnes,92,NO,1538968800,93,59.36,5.22,53.6,26.4
117,avera,75,US,1538970000,78,33.19,-82.53,80.06,4.7
118,golynki,48,RU,1538971342,95,54.87,31.38,46.15,14.76
119,emmett,1,US,1538969700,50,43.87,-116.5,53.6,9.17
120,baherden,0,TM,1538971342,89,38.44,57.43,40.75,5.59
121,norman wells,20,CA,1538967600,58,65.28,-126.83,30.2,14.99
122,tommot,68,RU,1538971342,72,58.97,126.27,29.68,3.36
123,los llanos de aridane,36,ES,1538969400,65,28.66,-17.92,77.0,2.24
124,talnakh,92,RU,1538971066,85,69.49,88.39,40.66,14.32
125,la ronge,90,CA,1538967600,74,55.1,-105.3,28.4,12.75
126,khatanga,12,RU,1538971052,87,71.98,102.47,44.08,13.65
127,bluff,0,AU,1538971036,40,-23.58,149.07,86.83,4.92
128,ibra,8,OM,1538971343,55,22.69,58.55,62.53,2.35
129,victoria,75,BN,1538969400,74,5.28,115.24,91.4,7.16
130,dunedin,92,NZ,1538970893,76,-45.87,170.5,50.56,3.58
131,yar-sale,64,RU,1538971060,100,66.83,70.83,38.23,17.22
132,pisco,90,PE,1538967600,88,-13.71,-76.2,66.2,8.05
133,saint-francois,90,FR,1538969400,93,46.42,3.91,57.2,4.7
134,sur,0,OM,1538971344,92,22.57,59.53,83.77,9.62
135,jardim,36,BR,1538971344,95,-21.48,-56.15,70.72,8.39
136,sergeyevka,92,KZ,1538971344,70,53.88,67.42,53.35,14.65
137,saskylakh,0,RU,1538971089,96,71.97,114.09,40.48,18.23
138,lavrentiya,88,RU,1538971055,100,65.58,-170.99,42.55,8.16
139,port lincoln,92,AU,1538971040,87,-34.72,135.86,61.18,15.77
140,yarada,0,IN,1538971345,98,17.65,83.27,86.2,14.88
141,arman,44,RU,1538967600,44,59.7,150.17,39.2,3.8
142,taltal,0,CL,1538971096,88,-25.41,-70.49,53.8,2.35
143,fresnillo,40,MX,1538966700,77,23.17,-102.87,60.8,5.37
144,broome,20,GB,1538968800,87,52.47,1.45,46.76,8.05
145,yeroham,100,IL,1538971345,96,30.99,34.93,63.79,4.03
146,mumford,92,GH,1538971345,98,5.26,-0.76,75.49,5.93
147,kawalu,0,ID,1538971104,56,-7.38,108.21,81.25,2.8
148,sangmelima,92,CM,1538971346,94,2.93,11.98,69.28,2.35
149,verkhnevilyuysk,88,RU,1538971346,83,63.45,120.31,37.6,3.58
150,alice springs,75,AU,1538969400,12,-23.7,133.88,93.2,12.75
151,mabaruma,0,GY,1538971346,91,8.2,-59.78,79.81,5.93
152,ancud,92,CL,1538971346,95,-41.87,-73.83,49.75,11.07
153,segou,20,SN,1538971347,96,12.41,-12.29,71.35,2.68
154,tasiilaq,92,GL,1538967000,69,65.61,-37.64,35.6,6.93
155,uirauna,0,BR,1538971347,52,-6.52,-38.41,78.1,12.3
156,kiunga,32,PG,1538971347,58,-6.12,141.3,87.19,2.8
157,xanxere,92,BR,1538971347,96,-26.88,-52.4,61.36,4.03
158,namibe,32,AO,1538971347,100,-15.19,12.15,67.57,11.3
159,hithadhoo,76,MV,1538971033,100,-0.6,73.08,80.26,13.65
160,tabou,92,CI,1538971347,100,4.42,-7.36,78.82,10.96
161,torbay,90,CA,1538967600,93,47.66,-52.73,41.0,9.17
162,winslow,75,GB,1538968800,87,51.94,-0.88,48.92,9.17
163,saint-philippe,90,CA,1538968500,87,45.36,-73.48,45.86,6.93
164,cabo san lucas,5,MX,1538966880,78,22.89,-109.91,78.8,13.87
165,khash,0,IR,1538971119,67,28.22,61.21,48.49,3.02
166,iacu,24,BR,1538971348,82,-12.77,-40.21,71.08,7.94
167,morgan city,1,US,1538969700,94,29.7,-91.21,78.08,4.7
168,barrow,76,AR,1538970996,46,-38.31,-60.23,71.62,15.99
169,cidreira,80,BR,1538971032,90,-30.17,-50.22,65.95,11.63
170,smiltene,80,LV,1538971349,82,57.42,25.9,38.23,3.02
171,north bend,90,US,1538968500,90,43.41,-124.22,55.94,2.46
172,lukovetskiy,75,RU,1538967600,100,64.29,41.92,28.4,4.92
173,pevek,92,RU,1538971074,100,69.7,170.27,35.08,10.07
174,krasnyye baki,92,RU,1538971349,96,57.13,45.16,51.55,12.3
175,lompoc,1,US,1538969700,72,34.64,-120.46,64.94,3.36
176,shingu,40,JP,1538967600,61,33.72,135.99,78.8,10.29
177,klaksvik,56,FO,1538968800,75,62.23,-6.59,44.6,17.22
178,guasdualito,20,VE,1538967600,100,7.24,-70.73,78.8,2.8
179,port-cartier,20,CA,1538967600,59,50.03,-66.88,35.6,5.82
180,sao domingos,0,BR,1538971350,23,-13.4,-46.32,74.68,9.51
181,thompson,90,CA,1538967600,85,55.74,-97.86,24.8,5.82
182,tezu,48,IN,1538971072,87,27.93,96.16,63.61,1.68
183,avarua,75,CK,1538967600,94,-21.21,-159.78,75.2,6.93
184,broken hill,88,AU,1538971351,34,-31.97,141.45,81.07,13.76
185,vestmannaeyjar,88,IS,1538971111,100,63.44,-20.27,40.39,4.92
186,atar,0,MR,1538971050,34,20.52,-13.05,76.66,6.04
187,tiksi,20,RU,1538971052,99,71.64,128.87,26.08,4.14
188,port hawkesbury,90,CA,1538967600,87,45.62,-61.36,44.6,4.7
189,tarnos,75,FR,1538969400,100,43.54,-1.46,57.2,3.69
190,worthington,90,US,1538969700,93,43.62,-95.6,48.2,4.7
191,san andres,24,PH,1538971083,99,13.32,122.68,84.04,6.6
192,gamba,0,CN,1538971116,55,28.28,88.52,24.1,3.13
193,seoul,0,KR,1538969400,19,37.57,126.98,68.0,5.82
194,saldanha,0,PT,1538971058,87,41.42,-6.55,43.18,6.71
195,kopavogur,0,IS,1538967600,80,64.11,-21.91,35.6,9.17
196,callaway,90,US,1538970780,93,46.98,-95.91,42.8,6.93
197,tumut,0,AU,1538971352,60,-35.3,148.22,66.58,4.36
198,wanaka,0,NZ,1538971352,46,-44.7,169.14,52.72,2.8
199,yatou,40,CM,1538967600,100,3.63,9.81,75.2,2.24
200,atuona,92,PF,1538971040,100,-9.8,-139.03,77.83,10.96
201,fortuna,0,ES,1538969400,49,38.18,-1.13,69.8,4.7
202,port elizabeth,1,US,1538968500,96,39.31,-74.98,73.04,6.71
203,marawi,76,PH,1538971353,93,8.0,124.29,76.66,3.02
204,warsaw,0,PL,1538969400,93,52.23,21.01,41.0,4.7
205,lithakia,40,GR,1538968800,93,37.72,20.83,62.6,3.58
206,ponta do sol,80,BR,1538971083,96,-20.63,-46.0,65.14,4.14
207,acajutla,75,SV,1538967000,100,13.59,-89.83,75.2,2.24
208,vallenar,0,CL,1538971353,84,-28.58,-70.76,47.77,1.9
209,pokrovskoye,0,RU,1538971354,86,47.41,38.9,43.9,9.84
210,york,0,GB,1538968800,87,53.96,-1.08,50.0,12.75
211,te anau,20,NZ,1538971115,67,-45.41,167.72,47.32,7.38
212,khandyga,24,RU,1538971354,61,62.65,135.58,31.84,3.36
213,kuryk,0,KZ,1538971354,78,43.18,51.68,56.59,18.9
214,sangar,0,RU,1538971121,64,63.92,127.47,34.72,2.91
215,khandbari,12,NP,1538971354,78,27.38,87.21,39.85,1.23
216,hobyo,0,SO,1538971115,90,5.35,48.53,75.58,18.57
217,vardo,1,US,1538970300,100,39.62,-77.74,73.4,4.25
218,husavik,92,CA,1538971056,98,50.56,-96.99,36.25,3.91
219,albanel,90,CA,1538967600,86,48.88,-72.44,37.4,4.7
220,cairns,20,AU,1538969400,61,-16.92,145.77,82.4,11.41
221,beringovskiy,80,RU,1538971126,100,63.05,179.32,45.79,5.26
222,drayton valley,92,CA,1538971271,99,53.22,-114.98,36.7,8.39
223,medvezhyegorsk,0,RU,1538971355,100,62.92,34.47,28.42,5.82
224,fairbanks,20,US,1538967480,20,64.84,-147.72,37.76,6.93
225,pitkyaranta,32,RU,1538971355,83,61.57,31.48,29.41,6.49
226,emerald,0,AU,1538971356,45,-23.53,148.16,86.47,5.93
227,cherskiy,92,RU,1538971083,88,68.75,161.3,32.02,6.93
228,tiznit,12,MA,1538971356,97,29.7,-9.73,64.69,0.89
229,caravelas,44,BR,1538971061,100,-17.73,-39.27,77.38,15.32
230,port hedland,0,AU,1538969400,25,-20.31,118.58,98.6,11.41
231,vagur,36,FO,1538971356,98,61.47,-6.81,48.4,24.27
232,nicoya,75,CR,1538971200,88,10.15,-85.45,77.0,3.36
233,tonisvorst,0,DE,1538969100,93,51.32,6.45,41.0,1.12
234,santa lucia,5,IT,1538967300,82,39.93,9.66,64.4,4.59
235,parambu,12,BR,1538971358,46,-6.21,-40.7,78.64,9.4
236,lovozero,0,RU,1538971358,89,68.01,35.02,15.1,2.8
237,trelew,92,AR,1538971358,36,-43.25,-65.31,63.97,8.39
238,kumluca,0,TR,1538971358,87,36.37,30.29,40.3,0.67
239,mayumba,76,GA,1538971100,99,-3.44,10.65,75.58,4.14
240,raigarh,0,IN,1538967600,69,21.9,83.39,80.6,4.36
241,kungurtug,0,RU,1538971359,65,50.6,97.53,35.62,1.01
242,antofagasta,90,CL,1538967600,77,-23.65,-70.4,59.0,1.12
243,erenhot,0,CN,1538971359,41,43.65,111.97,40.48,9.4
244,touros,92,BR,1538970829,84,-5.2,-35.46,78.1,16.11
245,quetigny,24,FR,1538969400,87,47.31,5.12,55.4,6.93
246,duldurga,88,RU,1538971359,57,50.67,113.59,34.45,9.17
247,mareeba,20,AU,1538969400,61,-16.99,145.42,82.4,11.41
248,balad,0,ID,1538971360,92,-6.76,108.42,85.48,7.72
249,am timan,24,TD,1538971360,81,11.04,20.28,71.26,2.91
250,dongkan,32,CN,1538971360,72,34.0,119.83,73.6,7.16
251,marystown,8,CA,1538971360,100,47.17,-55.16,42.82,14.76
252,kunming,40,CN,1538967600,77,25.04,102.71,62.6,13.42
253,hami,0,CN,1538971094,39,42.84,93.51,59.47,8.61
254,atambua,0,ID,1538971361,76,-9.11,124.89,85.57,2.57
255,chifeng,0,CN,1538971361,33,42.27,118.96,49.75,6.71
256,gisborne,20,NZ,1538971218,92,-38.66,178.02,54.52,5.93
257,shambu,24,ET,1538971361,90,9.57,37.1,50.83,2.68
258,jiwani,0,PK,1538971361,59,25.05,61.74,77.83,9.06
259,arlit,48,NE,1538971362,28,18.74,7.39,77.29,3.8
260,kachug,0,RU,1538971362,59,53.96,105.89,34.27,3.69
261,cayenne,0,GF,1538969400,100,4.94,-52.33,75.2,8.5
262,horsham,8,AU,1538971362,65,-36.71,142.2,74.14,8.72
263,cururupu,64,BR,1538971362,84,-1.82,-44.87,78.82,7.38
264,anadyr,90,RU,1538967600,93,64.73,177.51,44.6,8.95
265,kaitangata,24,NZ,1538971050,59,-46.28,169.85,53.44,21.03
266,porto novo,75,BR,1538971200,88,-23.68,-45.44,66.2,2.24
267,maningrida,0,AU,1538971363,63,-12.05,134.23,85.75,13.76
268,acheng,40,CN,1538967600,51,45.55,126.95,51.8,15.66
269,mayya,75,RU,1538967600,86,61.74,130.28,33.8,3.8
270,bandarbeyla,12,SO,1538971089,100,9.49,50.81,75.22,3.02
271,kavieng,48,PG,1538971076,100,-2.57,150.8,82.87,1.9
272,itacoatiara,0,BR,1538971290,78,-3.14,-58.44,81.88,0.56
273,bang mun nak,12,TH,1538971363,86,16.03,100.38,85.48,4.59
274,karratha,0,AU,1538971364,15,-20.74,116.85,97.09,7.94
275,basoko,44,CD,1538971364,98,1.23,23.61,71.98,2.35
276,bubaque,40,GW,1538967600,100,11.28,-15.83,73.4,5.82
277,lubao,75,PH,1538967600,62,14.94,120.6,91.4,6.93
278,gotsu,40,JP,1538967600,69,35.01,132.22,73.4,9.17
279,comodoro rivadavia,0,AR,1538967600,46,-45.87,-67.48,50.0,3.36
280,colomi,75,BO,1538967600,48,-17.34,-65.87,64.4,2.13
281,kargopol,88,RU,1538971117,95,61.51,38.95,33.82,8.84
282,port blair,92,IN,1538971047,99,11.67,92.75,83.5,19.01
283,lerwick,76,GB,1538968800,76,60.15,-1.15,50.0,20.8
284,beyneu,0,KZ,1538971365,76,45.32,55.19,35.35,7.16
285,guerrero negro,92,MX,1538971075,89,27.97,-114.04,66.13,8.72
286,jiangyan,76,CN,1538971365,67,32.51,120.12,74.23,8.5
287,gat,8,SN,1538971087,88,14.69,-16.54,80.08,9.62
288,mutis,88,CO,1538971365,100,6.23,-77.4,77.74,4.81
289,nanortalik,0,GL,1538971037,100,60.14,-45.24,34.9,17.22
290,shadrinsk,92,RU,1538971366,96,56.09,63.63,44.44,4.14
291,qaanaaq,12,GL,1538971045,100,77.48,-69.36,19.15,15.43
292,dicabisagan,48,PH,1538971366,100,17.08,122.42,80.17,4.92
293,kununurra,0,AU,1538969400,32,-15.77,128.74,98.6,6.93
294,merrill,20,US,1538970780,66,42.03,-121.6,51.98,13.87
295,houma,88,CN,1538971075,47,35.63,111.36,64.78,1.68
296,vaitape,92,PF,1538971366,100,-16.52,-151.75,76.84,8.61
297,meadow lake,76,CA,1538971367,78,54.13,-108.44,32.11,8.39
298,tabuk,48,PH,1538971087,87,17.41,121.44,73.96,2.8
299,bakchar,92,RU,1538971367,90,57.02,82.07,44.8,9.84
300,anloga,40,GH,1538967600,94,5.79,0.9,75.2,2.24
301,praia,0,BR,1538967600,60,-20.25,-43.81,75.2,10.29
302,hirara,40,JP,1538967600,78,24.8,125.28,82.4,13.87
303,havre-saint-pierre,40,CA,1538967600,86,50.23,-63.6,28.4,3.36
304,san pedro,0,AR,1538971369,75,-33.68,-59.66,63.43,9.62
305,timmins,90,CA,1538967600,100,48.48,-81.33,33.8,2.24
306,talavera de la reina,0,ES,1538971369,91,39.96,-4.83,37.51,2.91
307,hastings,0,NZ,1538971016,89,-39.64,176.84,56.95,8.39
308,ribeira grande,100,PT,1538971048,100,38.52,-28.7,70.99,16.22
309,dillon,40,US,1538970780,14,45.22,-112.64,35.96,3.36
310,buchanan,75,LR,1538967600,94,5.88,-10.05,77.0,4.7
311,quchan,0,IR,1538971370,72,37.11,58.51,20.68,2.35
312,honiara,20,SB,1538967600,66,-9.43,159.96,87.8,11.41
313,batemans bay,80,AU,1538971370,99,-35.71,150.18,59.38,6.6
314,biak,88,ID,1538971097,97,-0.91,122.88,79.36,4.7
315,fasa,20,IR,1538967600,48,28.94,53.65,62.6,6.93
316,high level,20,CA,1538967600,79,58.52,-117.13,21.2,4.14
317,hualmay,0,PE,1538970987,91,-11.1,-77.61,57.4,3.58
318,springbok,0,ZA,1538971371,31,-29.67,17.88,58.48,5.14
319,yairipok,75,IN,1538969400,78,24.67,94.07,77.0,4.7
320,alto araguaia,24,BR,1538971371,92,-17.32,-53.22,69.37,5.59
321,honningsvag,90,NO,1538967000,86,70.98,25.97,37.4,14.99
322,saint george,20,GR,1538968800,93,39.45,22.34,53.6,1.79
323,lorengau,36,PG,1538971117,100,-2.02,147.27,83.23,6.6
324,port hardy,90,CA,1538967600,100,50.7,-127.42,48.2,12.75
325,dingle,24,PH,1538971052,70,11.0,122.67,86.47,7.72
326,ulladulla,75,AU,1538967600,72,-35.36,150.48,66.2,13.87
327,el alto,75,BO,1538967600,81,-16.5,-68.19,42.8,4.7
328,adrar,0,DZ,1538967600,28,27.87,-0.29,71.6,9.17
329,lasa,40,CY,1538969400,82,34.92,32.53,69.8,6.93
330,cap malheureux,40,MU,1538967600,83,-19.98,57.61,71.6,4.7
331,flagstaff,90,US,1538970000,89,35.2,-111.65,46.4,8.05
332,maues,56,BR,1538971373,70,-3.38,-57.72,83.95,2.57
333,chiredzi,0,ZW,1538971373,77,-21.05,31.67,59.38,7.94
334,hamilton,75,BM,1538967300,73,32.3,-64.78,77.0,11.41
335,nisia floresta,20,BR,1538971200,69,-6.09,-35.21,78.8,10.29
336,mtsamboro,0,YT,1538969400,78,-12.7,45.07,77.0,11.41
337,grindavik,40,IS,1538967600,93,63.84,-22.43,35.6,6.93
338,tomatlan,24,MX,1538971105,85,19.93,-105.25,74.77,1.9
339,poya,12,NC,1538971374,96,-21.35,165.16,72.97,16.78
340,ishigaki,75,JP,1538967600,78,24.34,124.16,80.6,12.75
341,miraflores,36,CO,1538971094,100,5.2,-73.14,51.55,1.68
342,bitung,20,ID,1538969400,52,1.44,125.19,93.2,4.7
343,sebinkarahisar,36,TR,1538971375,73,40.29,38.42,36.52,2.24
344,chuy,0,UY,1538971060,91,-33.69,-53.46,60.64,13.87
345,seminole,90,US,1538970900,82,32.72,-102.64,68.36,24.16
346,senanga,0,ZM,1538971375,29,-16.1,23.3,64.78,11.18
347,davila,20,PH,1538967600,66,18.47,120.58,87.8,6.93
348,vila,0,IT,1538968800,93,45.18,8.4,59.0,5.82
349,petropavlovka,64,RU,1538971376,68,50.61,105.32,38.05,2.46
350,geraldton,20,CA,1538967600,86,49.72,-86.95,30.2,2.24
351,san patricio,64,PY,1538971051,86,-26.98,-56.83,72.52,4.81
352,honolulu,75,US,1538967420,76,21.3,-157.86,82.04,11.41
353,ipixuna,0,BR,1538971200,88,-1.76,-48.8,77.0,5.82
354,carauari,36,BR,1538971376,81,-4.88,-66.9,79.63,3.02
355,wewak,24,PG,1538971070,59,-3.55,143.63,89.17,4.47
356,labuan,75,BN,1538969400,74,5.28,115.24,91.4,7.16
357,kenai,40,US,1538967360,83,60.55,-151.26,50.0,5.82
358,trairi,12,BR,1538971095,98,-3.28,-39.27,80.08,22.03
359,ereymentau,0,KZ,1538971377,58,51.62,73.1,40.57,17.11
360,lamesa,75,US,1538968500,83,32.74,-101.95,68.36,18.34
361,kerchevskiy,92,RU,1538971377,100,59.95,56.29,37.69,5.37
362,kendari,0,ID,1538971378,62,-3.99,122.52,89.08,3.91
363,westport,92,IE,1538970865,97,53.8,-9.52,55.78,24.16
364,sinnamary,0,GF,1538971378,95,5.38,-52.96,81.52,11.07
365,whitianga,100,NZ,1538971378,100,-36.83,175.7,58.48,8.61
366,rio cauto,75,CU,1538967000,94,20.56,-76.92,73.4,3.36
367,smithers,90,CA,1538969820,100,54.78,-127.17,44.6,2.13
368,puerto carreno,20,CO,1538967600,94,6.19,-67.49,78.8,2.24
369,puerto baquerizo moreno,0,EC,1538971379,100,-0.9,-89.6,70.27,9.62
370,darhan,44,MN,1538971379,70,49.49,105.92,36.07,4.36
371,ochamchira,24,GE,1538971379,100,42.71,41.47,64.6,11.41
372,komsomolskiy,92,RU,1538971067,96,67.55,63.78,35.08,17.11
373,srednekolymsk,88,RU,1538971379,81,67.46,153.71,31.03,3.36
374,klyuchi,0,RU,1538971129,71,52.25,79.17,41.65,11.52
375,duma,0,SY,1538971200,82,33.57,36.4,60.8,4.7
376,cape coast,76,GH,1538971380,98,5.11,-1.24,74.05,3.47
377,port-gentil,64,GA,1538971029,99,-0.72,8.78,77.38,8.39
378,aksarka,0,RU,1538971380,92,66.56,67.8,32.2,12.75
379,sobolevo,56,RU,1538971380,93,54.43,31.9,48.13,14.99
380,acapulco,40,MX,1538966760,79,16.86,-99.88,84.2,5.82
381,luban,92,CN,1538971381,92,34.19,105.09,42.73,7.05
382,waipawa,8,NZ,1538971381,44,-39.94,176.59,62.62,6.26
383,labuhan,12,ID,1538971381,69,-2.54,115.51,85.93,2.35
384,mungwi,20,ZM,1538971381,41,-10.17,31.37,65.77,9.73
385,nuuk,48,GL,1538967000,86,64.17,-51.74,30.2,8.05
386,vryburg,12,ZA,1538971382,66,-26.96,24.73,52.54,2.91
387,liverpool,75,GB,1538968800,76,53.41,-2.98,57.2,11.41
388,tarija,90,BO,1538967600,59,-21.53,-64.73,66.2,5.82
389,xuchang,48,CN,1538967600,49,34.03,113.82,73.4,4.47
390,nador,0,MA,1538969400,47,35.17,-2.93,75.2,10.29
391,sammamish,90,US,1538969700,85,47.61,-122.04,55.04,2.01
392,pudozh,80,RU,1538971382,95,61.81,36.54,32.65,9.17
393,egvekinot,92,RU,1538971107,97,66.32,-179.17,36.07,3.13
394,moree,0,AU,1538971383,70,-29.46,149.84,75.49,4.59
395,cantanhede,8,BR,1538971383,90,-3.64,-44.38,75.22,5.93
396,newport,90,GB,1538968800,87,51.59,-3.0,55.4,9.17
397,bijie,92,CN,1538971383,100,27.3,105.3,55.87,3.47
398,badou,44,TG,1538971384,98,7.58,0.61,71.35,2.57
399,agadez,0,NE,1538971384,28,16.97,7.99,68.2,3.36
400,kindersley,40,CA,1538967600,80,51.47,-109.16,35.6,10.29
401,takoradi,68,GH,1538971384,100,4.89,-1.75,76.3,6.26
402,tocopilla,12,CL,1538971384,90,-22.09,-70.2,61.45,4.47
403,methoni,20,GR,1538968800,93,36.82,21.7,60.8,4.7
404,meulaboh,64,ID,1538971055,100,4.14,96.13,80.98,4.25
405,rapid valley,90,US,1538968500,92,44.06,-103.15,34.7,6.93
406,grand-lahou,88,CI,1538971385,94,5.24,-5.0,75.67,5.37
407,bathsheba,40,BB,1538967600,83,13.22,-59.52,78.8,12.75
408,sitka,92,US,1538971041,97,37.17,-99.65,62.53,11.3
409,hagi,40,JP,1538967600,69,34.43,131.51,77.0,9.17
410,araouane,0,ML,1538971070,24,18.9,-3.53,70.9,8.72
411,morondava,0,MG,1538971385,100,-20.3,44.28,65.05,2.91
412,katsuura,40,JP,1538967600,64,33.93,134.5,75.2,3.36
413,chon buri,40,TH,1538969400,62,13.36,100.98,87.8,4.7
414,haines junction,64,CA,1538971076,87,60.75,-137.51,30.76,2.13
415,fare,100,PF,1538971095,100,-16.7,-151.02,76.84,10.63
416,henties bay,32,NA,1538971057,99,-22.12,14.28,57.67,3.02
417,calama,0,CL,1538971200,29,-22.46,-68.93,50.0,10.29
418,byron bay,44,AU,1538969400,57,-28.65,153.62,75.2,13.87
419,boa vista,0,BR,1538971200,69,2.82,-60.67,82.4,4.7
420,sisimiut,32,GL,1538971387,100,66.94,-53.67,16.27,3.13
421,luganville,92,VU,1538971059,100,-15.51,167.18,73.69,5.93
422,kilindoni,0,TZ,1538971387,100,-7.91,39.67,77.92,13.2
423,allapalli,0,IN,1538971388,74,19.43,80.06,83.5,4.59
424,chalus,75,IR,1538967600,87,36.66,51.42,57.2,1.12
425,tongchuan,88,CN,1538967600,45,34.9,108.95,66.2,3.91
426,alta floresta,44,BR,1538971388,95,-9.87,-56.08,74.32,2.35
427,jepelacio,8,PE,1538971388,94,-6.11,-76.92,70.36,2.01
428,valparaiso,90,US,1538970480,87,41.47,-87.06,69.8,10.29
429,doha,68,QA,1538967600,79,25.29,51.53,86.0,3.36
430,durazno,0,UY,1538971389,90,-33.38,-56.52,61.63,10.85
431,vasilyevskiy mokh,56,RU,1538971389,90,57.01,35.92,41.02,17.11
432,zhigansk,8,RU,1538971113,79,66.77,123.37,35.53,3.91
433,ambulu,24,ID,1538971389,83,-8.35,113.61,80.08,6.04
434,gizo,0,IL,1538968800,78,31.8,34.94,73.4,3.36
435,chiang klang,20,TH,1538967600,83,19.29,100.86,80.6,2.24
436,ganzhou,12,CN,1538971390,52,25.86,114.93,77.65,3.58
437,never,76,RU,1538971390,60,53.98,124.16,44.08,7.16
438,lazaro cardenas,5,MX,1538966400,35,28.39,-105.62,73.4,13.87
439,andros town,75,BS,1538967600,83,24.73,-77.79,80.6,17.22
440,katangli,92,RU,1538971060,100,51.71,143.23,46.96,12.75
441,ambovombe,8,MG,1538971390,92,-25.18,46.09,69.1,16.78
442,fairfield,1,US,1538969700,25,38.25,-122.04,75.02,6.93
443,aketi,92,CD,1538971391,98,2.74,23.78,72.34,2.13
444,isangel,76,VU,1538971064,100,-19.55,169.27,74.95,13.2
445,muslyumovo,12,RU,1538971391,77,55.31,53.19,47.32,14.76
446,bambous virieux,40,MU,1538967600,83,-20.34,57.76,71.6,4.7
447,charters towers,0,AU,1538971392,65,-20.07,146.27,81.97,11.18
448,sao paulo de olivenca,0,BR,1538971392,91,-3.38,-68.87,77.38,2.35
449,havelock,75,US,1538970180,90,34.88,-76.9,80.06,5.59
450,guanica,64,PR,1538971244,100,17.97,-66.91,79.99,11.97
451,iquique,90,CL,1538971200,77,-20.22,-70.14,64.4,6.93
452,belaya gora,56,RU,1538971392,99,68.54,146.19,23.56,5.37
453,puri,0,ID,1538971393,50,-7.54,112.45,88.36,7.16
454,marzuq,0,YE,1538971101,41,14.4,46.47,47.5,2.01
455,kaeo,80,NZ,1538971090,42,-35.1,173.78,68.38,1.79
456,santa rosa,56,AR,1538971395,41,-36.62,-64.29,72.88,15.1
457,karatau,88,KZ,1538971395,77,43.18,70.46,40.75,8.39
458,waingapu,0,ID,1538971395,46,-9.65,120.26,90.52,10.4
459,huaibei,64,CN,1538971396,66,33.96,116.79,73.87,8.95
460,banda aceh,76,ID,1538971085,97,5.56,95.32,78.64,2.57
461,oktyabrskoye,92,RU,1538971396,75,56.73,85.44,46.6,11.41
462,mayo,75,CA,1538967600,54,63.59,-135.9,28.4,2.24
463,rocha,0,UY,1538971083,94,-34.48,-54.34,58.57,9.4
464,poum,12,MK,1538971396,92,41.28,20.71,43.72,2.24
465,del rio,75,US,1538968620,94,29.36,-100.9,75.2,4.7
466,ahipara,8,NZ,1538971035,68,-35.17,173.16,61.81,9.62
467,mariestad,44,SE,1538968800,81,58.71,13.82,44.6,10.29
468,san cristobal,75,EC,1538967600,93,-0.39,-78.55,53.6,8.05
469,semporna,40,MY,1538967600,62,4.48,118.61,89.6,8.05
470,dali,0,CN,1538971397,74,25.6,100.24,64.33,1.68
471,babusnica,0,RS,1538969400,71,43.07,22.41,55.4,1.12
472,sombrerete,12,MX,1538971398,79,23.63,-103.64,55.06,4.7
473,filadelfia,68,PY,1538971398,98,-22.35,-60.04,72.52,8.61
474,sioux lookout,90,CA,1538969880,86,50.1,-91.92,37.4,2.24
475,turan,0,RU,1538971398,78,52.15,93.92,39.49,1.9
476,jizan,0,SA,1538967600,69,16.89,42.56,82.4,6.15
477,almendralejo,0,ES,1538971398,81,38.68,-6.41,45.88,3.02
478,mount gambier,76,AU,1538971029,66,-37.83,140.78,71.8,3.69
479,middle island,40,US,1538970960,89,40.88,-72.94,73.04,2.35
480,mattru,88,SL,1538971399,100,7.62,-11.83,73.33,3.13
481,dauphin,1,CA,1538967600,91,51.15,-100.04,32.0,4.7
482,biloela,48,AU,1538971399,61,-24.4,150.51,78.1,4.25
483,ndungu,20,TZ,1538971399,95,-4.38,38.06,55.96,0.67
484,russell,0,AR,1538967600,53,-33.01,-68.8,71.6,2.68
485,katherine,0,AU,1538969400,13,-14.47,132.26,100.4,9.17
486,macau,12,BR,1538971400,72,-5.11,-36.64,75.67,11.52
487,kalianget,0,ID,1538971400,68,-7.74,113.68,87.1,3.02
488,chara,20,GR,1538968800,93,39.42,22.43,53.6,1.79
489,tigre,0,AR,1538971200,87,-34.42,-58.58,68.0,8.05
490,zyryanka,76,RU,1538971107,80,65.73,150.89,31.48,3.69
491,vangaindrano,92,MG,1538971400,100,-23.35,47.6,63.7,3.58
492,enid,90,US,1538968500,100,36.4,-97.88,66.2,10.29
493,mitu,92,IR,1538971401,94,36.2,46.09,41.47,1.9
494,dongsheng,92,CN,1538971127,57,29.72,112.52,75.04,4.47
495,luderitz,80,NA,1538971080,79,-26.65,15.16,61.99,7.72
496,quatre cocos,40,MU,1538967600,83,-20.21,57.76,71.6,4.7
497,synya,88,RU,1538971070,98,65.37,58.04,35.44,6.38
498,kutum,0,SD,1538971401,34,14.2,24.66,65.32,8.16
499,ola,48,RU,1538967600,44,59.58,151.3,39.2,7.16
500,coari,20,BR,1538971402,86,-4.09,-63.14,79.45,3.58
501,havoysund,20,NO,1538967000,100,71.0,24.66,35.6,12.75
502,auki,0,NG,1538971049,87,12.18,6.51,68.65,2.8
503,mezen,36,RU,1538971402,95,65.85,44.24,34.18,4.59
504,laguna,8,MX,1538971116,84,27.52,-110.01,69.46,2.68
505,louis trichardt,0,ZA,1538971402,80,-23.04,29.91,52.09,3.47
506,luau,8,CD,1538971402,73,-10.7,22.23,64.87,2.13
507,ucluelet,92,CA,1538971403,100,48.94,-125.55,46.6,1.9
508,mecca,0,SA,1538971208,74,21.43,39.83,65.05,2.68
509,yumen,0,CN,1538971403,31,40.29,97.04,54.7,4.25
510,kaputa,92,ZM,1538971403,63,-8.47,29.66,72.52,2.35
511,sarangani,8,PH,1538971403,97,5.4,125.46,83.95,8.95
512,mogadishu,76,SO,1538971124,100,2.04,45.34,78.28,16.44
513,mogwase,0,ZA,1538967600,48,-25.28,27.22,60.8,3.36
514,imeni poliny osipenko,92,RU,1538971404,98,52.42,136.49,45.25,7.05
515,kimbe,0,PG,1538971404,82,-5.56,150.15,87.19,6.38
516,oranjemund,88,ZA,1538971125,78,-28.55,16.43,63.07,13.65
517,shima,20,JP,1538967600,60,34.34,136.82,75.2,3.36
518,voyvozh,80,RU,1538971404,94,62.89,54.96,36.88,5.37
519,kruisfontein,0,ZA,1538971083,87,-34.0,24.73,62.26,11.74
520,udachnyy,32,RU,1538971405,96,66.42,112.4,42.28,2.91
521,palmer,0,AU,1538969400,52,-34.85,139.16,69.8,20.8
522,balestrand,75,NO,1538968800,100,61.21,6.53,37.4,32.21
523,rio grande,0,BR,1538971405,93,-32.03,-52.1,63.88,12.19
524,saint-pierre,90,FR,1538969400,100,48.95,4.24,46.4,4.7
525,sao joao de pirabas,92,BR,1538971406,95,-0.77,-47.18,81.07,13.65
526,shu,92,KZ,1538971406,98,43.6,73.76,44.35,5.26
527,presidente medici,12,BR,1538971349,75,-11.18,-61.9,78.37,3.8
528,porto de moz,44,BR,1538971406,89,-1.75,-52.24,77.65,4.7
529,manacapuru,8,BR,1538971406,81,-3.3,-60.62,81.07,2.57
530,teahupoo,75,PF,1538969400,74,-17.83,-149.27,80.6,9.17
531,tirumullaivasal,76,IN,1538971406,92,11.24,79.84,81.97,3.13
532,tigzirt,48,DZ,1538970980,100,36.57,4.2,55.51,1.9
533,marion,0,US,1538970900,88,35.21,-90.2,78.98,4.7
534,marienburg,0,DE,1538968800,86,52.12,9.98,39.2,2.24
535,nelson bay,75,AU,1538969400,60,-32.72,152.14,69.8,12.75
536,nyurba,80,RU,1538971094,87,63.29,118.35,38.95,3.69
537,aosta,0,IT,1538968800,87,45.74,7.32,59.0,5.82
538,doboj,75,BA,1538969400,100,44.73,18.09,57.2,1.12
539,bulls,0,NZ,1538971408,85,-40.17,175.39,58.66,11.07
540,palu,32,ID,1538971408,80,-0.9,119.87,74.77,2.13
541,monrovia,75,LR,1538967600,94,6.33,-10.8,77.0,4.47
542,binzhou,0,CN,1538971409,50,37.38,117.96,74.05,4.7
543,mbanza-ngungu,56,CD,1538971409,95,-5.25,14.87,70.27,5.7
544,trofors,92,NO,1538968800,92,65.54,13.39,46.4,18.34
545,ternate,20,PH,1538967600,55,14.29,120.72,91.4,8.05
546,ust-nera,36,RU,1538971410,91,64.57,143.24,14.11,2.57
547,bac,75,RS,1538969400,87,45.39,19.24,60.8,8.05
548,ca mau,20,VN,1538971410,83,9.18,105.15,87.46,8.95
549,mosta,20,MT,1538968500,88,35.91,14.42,69.8,4.7
550,colares,0,PT,1538969400,47,38.8,-9.45,59.0,8.05
551,valleyview,92,CA,1538971299,84,55.07,-117.28,30.85,11.41
552,azuaga,0,ES,1538971411,69,38.26,-5.68,46.24,5.93
553,camocim,0,BR,1538971411,81,-2.9,-40.84,77.11,14.76
554,miguel calmon,92,BR,1538971411,95,-11.43,-40.6,67.48,8.61
555,ayan,0,TR,1538971411,67,40.67,33.6,26.35,1.12
556,svetlaya,76,RU,1538971095,100,46.54,138.33,53.26,11.18
557,port keats,0,AU,1538971030,74,-14.25,129.55,90.7,7.16
558,half moon bay,1,US,1538967360,48,37.46,-122.43,73.4,13.87
559,chernyshevskiy,48,RU,1538971412,96,63.01,112.47,40.3,3.13
560,rawson,92,AR,1538971038,36,-43.3,-65.11,63.97,8.39
